[
{
    "model": "budget.expensecategory",
    "pk": 1,
    "fields": {
        "name": "Food"
    }
},
{
    "model": "budget.expensecategory",
    "pk": 2,
    "fields": {
        "name": "Bills"
    }
},
{
    "model": "budget.expensecategory",
    "pk": 3,
    "fields": {
        "name": "House"
    }
},
{
    "model": "budget.expensecategory",
    "pk": 4,
    "fields": {
        "name": "Transport"
    }
},
{
    "model": "budget.expensecategory",
    "pk": 5,
    "fields": {
        "name": "Clothes"
    }
},
{
    "model": "budget.expensecategory",
    "pk": 6,
    "fields": {
        "name": "Medicine"
    }
},
{
    "model": "budget.expensecategory",
    "pk": 7,
    "fields": {
        "name": "Tuition"
    }
},
{
    "model": "budget.expensecategory",
    "pk": 8,
    "fields": {
        "name": "Children"
    }
},
{
    "model": "budget.expensecategory",
    "pk": 9,
    "fields": {
        "name": "Other"
    }
},
{
    "model": "budget.incomecategory",
    "pk": 1,
    "fields": {
        "name": "Salary"
    }
},
{
    "model": "budget.incomecategory",
    "pk": 2,
    "fields": {
        "name": "Part-time job"
    }
},
{
    "model": "budget.incomecategory",
    "pk": 3,
    "fields": {
        "name": "Investments"
    }
},
{
    "model": "budget.incomecategory",
    "pk": 4,
    "fields": {
        "name": "Scholarship"
    }
},
{
    "model": "budget.incomecategory",
    "pk": 5,
    "fields": {
        "name": "Pension"
    }
},
{
    "model": "budget.incomecategory",
    "pk": 6,
    "fields": {
        "name": "Private lessons"
    }
},
{
    "model": "budget.incomecategory",
    "pk": 7,
    "fields": {
        "name": "Other"
    }
},
{
    "model": "budget.expense",
    "pk": 1,
    "fields": {
        "name": "Dinners",
        "category": 1,
        "amount": 1000
    }
},
{
    "model": "budget.expense",
    "pk": 2,
    "fields": {
        "name": "Petrol",
        "category": 4,
        "amount": 800
    }
},
{
    "model": "budget.expense",
    "pk": 3,
    "fields": {
        "name": "Trousers",
        "category": 5,
        "amount": 100
    }
},
{
    "model": "budget.expense",
    "pk": 4,
    "fields": {
        "name": "Pills",
        "category": 6,
        "amount": 200
    }
},
{
    "model": "budget.expense",
    "pk": 5,
    "fields": {
        "name": "Dinners",
        "category": 1,
        "amount": 500
    }
},
{
    "model": "budget.expense",
    "pk": 6,
    "fields": {
        "name": "Lunches",
        "category": 1,
        "amount": 300
    }
},
{
    "model": "budget.expense",
    "pk": 7,
    "fields": {
        "name": "T-shirts",
        "category": 5,
        "amount": 150
    }
},
{
    "model": "budget.expense",
    "pk": 8,
    "fields": {
        "name": "Rent",
        "category": 3,
        "amount": 800
    }
},
{
    "model": "budget.expense",
    "pk": 9,
    "fields": {
        "name": "Petrol",
        "category": 4,
        "amount": 100
    }
},
{
    "model": "budget.expense",
    "pk": 10,
    "fields": {
        "name": "Dinners",
        "category": 1,
        "amount": 2000
    }
},
{
    "model": "budget.expense",
    "pk": 11,
    "fields": {
        "name": "Household",
        "category": 3,
        "amount": 2500
    }
},
{
    "model": "budget.expense",
    "pk": 12,
    "fields": {
        "name": "Petrol",
        "category": 4,
        "amount": 1500
    }
},
{
    "model": "budget.expense",
    "pk": 13,
    "fields": {
        "name": "Pills",
        "category": 6,
        "amount": 300
    }
},
{
    "model": "budget.expense",
    "pk": 14,
    "fields": {
        "name": "Childcare",
        "category": 8,
        "amount": 1500
    }
},
{
    "model": "budget.expense",
    "pk": 15,
    "fields": {
        "name": "Sweets",
        "category": 1,
        "amount": 50
    }
},
{
    "model": "budget.expense",
    "pk": 16,
    "fields": {
        "name": "T-shirts",
        "category": 5,
        "amount": 100
    }
},
{
    "model": "budget.expense",
    "pk": 17,
    "fields": {
        "name": "Toys",
        "category": 9,
        "amount": 100
    }
},
{
    "model": "budget.expense",
    "pk": 18,
    "fields": {
        "name": "Dinners",
        "category": 1,
        "amount": 500
    }
},
{
    "model": "budget.expense",
    "pk": 19,
    "fields": {
        "name": "Petrol",
        "category": 4,
        "amount": 300
    }
},
{
    "model": "budget.expense",
    "pk": 20,
    "fields": {
        "name": "Tickets",
        "category": 4,
        "amount": 50
    }
},
{
    "model": "budget.expense",
    "pk": 21,
    "fields": {
        "name": "Attractions",
        "category": 9,
        "amount": 400
    }
},
{
    "model": "budget.expense",
    "pk": 22,
    "fields": {
        "name": "Snacks",
        "category": 1,
        "amount": 400
    }
},
{
    "model": "budget.expense",
    "pk": 23,
    "fields": {
        "name": "Alcohol",
        "category": 1,
        "amount": 600
    }
},
{
    "model": "budget.expense",
    "pk": 24,
    "fields": {
        "name": "Cottage rental",
        "category": 1,
        "amount": 2500
    }
},
{
    "model": "budget.income",
    "pk": 1,
    "fields": {
        "who": "Me",
        "category": 1,
        "amount": 2000
    }
},
{
    "model": "budget.income",
    "pk": 2,
    "fields": {
        "who": "Sister",
        "category": 4,
        "amount": 500
    }
},
{
    "model": "budget.income",
    "pk": 3,
    "fields": {
        "who": "Brother",
        "category": 2,
        "amount": 700
    }
},
{
    "model": "budget.income",
    "pk": 4,
    "fields": {
        "who": "Mom",
        "category": 1,
        "amount": 3000
    }
},
{
    "model": "budget.income",
    "pk": 5,
    "fields": {
        "who": "Dad",
        "category": 1,
        "amount": 4000
    }
},
{
    "model": "budget.income",
    "pk": 6,
    "fields": {
        "who": "Me",
        "category": 1,
        "amount": 1700
    }
},
{
    "model": "budget.income",
    "pk": 7,
    "fields": {
        "who": "Me",
        "category": 3,
        "amount": 500
    }
},
{
    "model": "budget.income",
    "pk": 8,
    "fields": {
        "who": "Wife",
        "category": 1,
        "amount": 1500
    }
},
{
    "model": "budget.income",
    "pk": 9,
    "fields": {
        "who": "Me",
        "category": 1,
        "amount": 1800
    }
},
{
    "model": "budget.income",
    "pk": 10,
    "fields": {
        "who": "Me",
        "category": 4,
        "amount": 300
    }
},
{
    "model": "budget.income",
    "pk": 11,
    "fields": {
        "who": "Me",
        "category": 1,
        "amount": 2500
    }
},
{
    "model": "budget.income",
    "pk": 12,
    "fields": {
        "who": "Me",
        "category": 2,
        "amount": 600
    }
},
{
    "model": "budget.income",
    "pk": 13,
    "fields": {
        "who": "Mom",
        "category": 1,
        "amount": 3000
    }
},
{
    "model": "budget.income",
    "pk": 14,
    "fields": {
        "who": "Dad",
        "category": 1,
        "amount": 4000
    }
},
{
    "model": "budget.income",
    "pk": 15,
    "fields": {
        "who": "Grandma",
        "category": 5,
        "amount": 1000
    }
},
{
    "model": "budget.income",
    "pk": 16,
    "fields": {
        "who": "Me",
        "category": 4,
        "amount": 300
    }
},
{
    "model": "budget.income",
    "pk": 17,
    "fields": {
        "who": "Pocket money",
        "category": 7,
        "amount": 100
    }
},
{
    "model": "budget.income",
    "pk": 18,
    "fields": {
        "who": "Me",
        "category": 1,
        "amount": 1500
    }
},
{
    "model": "budget.income",
    "pk": 19,
    "fields": {
        "who": "Girlfriend",
        "category": 1,
        "amount": 1000
    }
},
{
    "model": "budget.income",
    "pk": 20,
    "fields": {
        "who": "Me",
        "category": 1,
        "amount": 1500
    }
},
{
    "model": "budget.income",
    "pk": 21,
    "fields": {
        "who": "Friend",
        "category": 1,
        "amount": 1300
    }
},
{
    "model": "budget.income",
    "pk": 22,
    "fields": {
        "who": "Friend",
        "category": 1,
        "amount": 1600
    }
},
{
    "model": "budget.budget",
    "pk": 1,
    "fields": {
        "name": "Balance for January",
        "user": 1,
        "month": "January",
        "year": 2020,
        "created_at": "2021-12-12T22:03:34.383Z",
        "incomes": [
            1,
            2,
            3,
            4,
            5
        ],
        "expenses": [
            1,
            2,
            3,
            4
        ]
    }
},
{
    "model": "budget.budget",
    "pk": 3,
    "fields": {
        "name": "Balance with wife",
        "user": 1,
        "month": "September",
        "year": 2019,
        "created_at": "2021-12-12T22:15:39.001Z",
        "incomes": [
            8,
            6,
            7
        ],
        "expenses": [
            5
        ]
    }
},
{
    "model": "budget.budget",
    "pk": 4,
    "fields": {
        "name": "Some old balance",
        "user": 1,
        "month": "March",
        "year": 2015,
        "created_at": "2021-12-12T22:18:32.957Z",
        "incomes": [
            9,
            10
        ],
        "expenses": [
            8,
            9,
            6,
            7
        ]
    }
},
{
    "model": "budget.budget",
    "pk": 5,
    "fields": {
        "name": "Recent budget",
        "user": 1,
        "month": "October",
        "year": 2021,
        "created_at": "2021-12-12T22:22:36.349Z",
        "incomes": [
            11,
            12,
            13,
            14,
            15
        ],
        "expenses": [
            10,
            11,
            12,
            13,
            14
        ]
    }
},
{
    "model": "budget.budget",
    "pk": 6,
    "fields": {
        "name": "Childhood balance",
        "user": 1,
        "month": "April",
        "year": 2008,
        "created_at": "2021-12-12T22:24:29.103Z",
        "incomes": [
            16,
            17
        ],
        "expenses": [
            16,
            17,
            15
        ]
    }
},
{
    "model": "budget.budget",
    "pk": 7,
    "fields": {
        "name": "Holiday balance",
        "user": 1,
        "month": "August",
        "year": 2017,
        "created_at": "2021-12-12T22:26:43.973Z",
        "incomes": [
            18,
            19
        ],
        "expenses": [
            18,
            19,
            20,
            21
        ]
    }
},
{
    "model": "budget.budget",
    "pk": 8,
    "fields": {
        "name": "New Year's Eve",
        "user": 1,
        "month": "December",
        "year": 2016,
        "created_at": "2021-12-12T22:29:06.487Z",
        "incomes": [
            20,
            21,
            22
        ],
        "expenses": [
            24,
            22,
            23
        ]
    }
},
{
    "model": "budget.sharedbudget",
    "pk": 1,
    "fields": {
        "budget": 1,
        "user": 2,
        "shared_by": 1,
        "granted_at": "2021-12-12T22:05:49.152Z"
    }
},
{
    "model": "budget.sharedbudget",
    "pk": 2,
    "fields": {
        "budget": 3,
        "user": 2,
        "shared_by": 1,
        "granted_at": "2021-12-12T22:16:42.796Z"
    }
},
{
    "model": "budget.sharedbudget",
    "pk": 3,
    "fields": {
        "budget": 4,
        "user": 2,
        "shared_by": 1,
        "granted_at": "2021-12-12T22:18:46.371Z"
    }
},
{
    "model": "budget.sharedbudget",
    "pk": 4,
    "fields": {
        "budget": 5,
        "user": 2,
        "shared_by": 1,
        "granted_at": "2021-12-12T22:22:45.372Z"
    }
},
{
    "model": "budget.sharedbudget",
    "pk": 5,
    "fields": {
        "budget": 6,
        "user": 2,
        "shared_by": 1,
        "granted_at": "2021-12-12T22:24:35.286Z"
    }
},
{
    "model": "budget.sharedbudget",
    "pk": 6,
    "fields": {
        "budget": 7,
        "user": 2,
        "shared_by": 1,
        "granted_at": "2021-12-12T22:26:54.323Z"
    }
},
{
    "model": "budget.sharedbudget",
    "pk": 7,
    "fields": {
        "budget": 8,
        "user": 2,
        "shared_by": 1,
        "granted_at": "2021-12-12T22:29:22.294Z"
    }
}
]
